Id,Name,Fr Name,Weight,Height,Type_1,Type_2,HP,Attack,Defense,Special Attack,Special Defense,Speed,Baby,Legendary,Mythical
1,bulbasaur,Bulbizarre,69,7,grass,poison,45,49,49,65,65,45,False,False,False
2,ivysaur,Herbizarre,130,10,grass,poison,60,62,63,80,80,60,False,False,False
3,venusaur,Florizarre,1000,20,grass,poison,80,82,83,100,100,80,False,False,False
4,charmander,Salamèche,85,6,fire,None,39,52,43,60,50,65,False,False,False
5,charmeleon,Reptincel,190,11,fire,None,58,64,58,80,65,80,False,False,False
6,charizard,Dracaufeu,905,17,fire,flying,78,84,78,109,85,100,False,False,False
7,squirtle,Carapuce,90,5,water,None,44,48,65,50,64,43,False,False,False
8,wartortle,Carabaffe,225,10,water,None,59,63,80,65,80,58,False,False,False
9,blastoise,Tortank,855,16,water,None,79,83,100,85,105,78,False,False,False
10,caterpie,Chenipan,29,3,bug,None,45,30,35,20,20,45,False,False,False
11,metapod,Chrysacier,99,7,bug,None,50,20,55,25,25,30,False,False,False
12,butterfree,Papilusion,320,11,bug,flying,60,45,50,90,80,70,False,False,False
13,weedle,Aspicot,32,3,bug,poison,40,35,30,20,20,50,False,False,False
14,kakuna,Coconfort,100,6,bug,poison,45,25,50,25,25,35,False,False,False
15,beedrill,Dardargnan,295,10,bug,poison,65,90,40,45,80,75,False,False,False
16,pidgey,Roucool,18,3,normal,flying,40,45,40,35,35,56,False,False,False
17,pidgeotto,Roucoups,300,11,normal,flying,63,60,55,50,50,71,False,False,False
18,pidgeot,Roucarnage,395,15,normal,flying,83,80,75,70,70,101,False,False,False
19,rattata,Rattata,35,3,normal,None,30,56,35,25,35,72,False,False,False
20,raticate,Rattatac,185,7,normal,None,55,81,60,50,70,97,False,False,False
21,spearow,Piafabec,20,3,normal,flying,40,60,30,31,31,70,False,False,False
22,fearow,Rapasdepic,380,12,normal,flying,65,90,65,61,61,100,False,False,False
23,ekans,Abo,69,20,poison,None,35,60,44,40,54,55,False,False,False
24,arbok,Arbok,650,35,poison,None,60,95,69,65,79,80,False,False,False
25,pikachu,Pikachu,60,4,electric,None,35,55,40,50,50,90,False,False,False
26,raichu,Raichu,300,8,electric,None,60,90,55,90,80,110,False,False,False
27,sandshrew,Sabelette,120,6,ground,None,50,75,85,20,30,40,False,False,False
28,sandslash,Sablaireau,295,10,ground,None,75,100,110,45,55,65,False,False,False
29,nidoran-f,Nidoran♀,70,4,poison,None,55,47,52,40,40,41,False,False,False
30,nidorina,Nidorina,200,8,poison,None,70,62,67,55,55,56,False,False,False
31,nidoqueen,Nidoqueen,600,13,poison,ground,90,92,87,75,85,76,False,False,False
32,nidoran-m,Nidoran♂,90,5,poison,None,46,57,40,40,40,50,False,False,False
33,nidorino,Nidorino,195,9,poison,None,61,72,57,55,55,65,False,False,False
34,nidoking,Nidoking,620,14,poison,ground,81,102,77,85,75,85,False,False,False
35,clefairy,Mélofée,75,6,fairy,None,70,45,48,60,65,35,False,False,False
36,clefable,Mélodelfe,400,13,fairy,None,95,70,73,95,90,60,False,False,False
37,vulpix,Goupix,99,6,fire,None,38,41,40,50,65,65,False,False,False
38,ninetales,Feunard,199,11,fire,None,73,76,75,81,100,100,False,False,False
39,jigglypuff,Rondoudou,55,5,normal,fairy,115,45,20,45,25,20,False,False,False
40,wigglytuff,Grodoudou,120,10,normal,fairy,140,70,45,85,50,45,False,False,False
41,zubat,Nosferapti,75,8,poison,flying,40,45,35,30,40,55,False,False,False
42,golbat,Nosferalto,550,16,poison,flying,75,80,70,65,75,90,False,False,False
43,oddish,Mystherbe,54,5,grass,poison,45,50,55,75,65,30,False,False,False
44,gloom,Ortide,86,8,grass,poison,60,65,70,85,75,40,False,False,False
45,vileplume,Rafflesia,186,12,grass,poison,75,80,85,110,90,50,False,False,False
46,paras,Paras,54,3,bug,grass,35,70,55,45,55,25,False,False,False
47,parasect,Parasect,295,10,bug,grass,60,95,80,60,80,30,False,False,False
48,venonat,Mimitoss,300,10,bug,poison,60,55,50,40,55,45,False,False,False
49,venomoth,Aéromite,125,15,bug,poison,70,65,60,90,75,90,False,False,False
50,diglett,Taupiqueur,8,2,ground,None,10,55,25,35,45,95,False,False,False
51,dugtrio,Triopikeur,333,7,ground,None,35,100,50,50,70,120,False,False,False
52,meowth,Miaouss,42,4,normal,None,40,45,35,40,40,90,False,False,False
53,persian,Persian,320,10,normal,None,65,70,60,65,65,115,False,False,False
54,psyduck,Psykokwak,196,8,water,None,50,52,48,65,50,55,False,False,False
55,golduck,Akwakwak,766,17,water,None,80,82,78,95,80,85,False,False,False
56,mankey,Férosinge,280,5,fighting,None,40,80,35,35,45,70,False,False,False
57,primeape,Colossinge,320,10,fighting,None,65,105,60,60,70,95,False,False,False
58,growlithe,Caninos,190,7,fire,None,55,70,45,70,50,60,False,False,False
59,arcanine,Arcanin,1550,19,fire,None,90,110,80,100,80,95,False,False,False
60,poliwag,Ptitard,124,6,water,None,40,50,40,40,40,90,False,False,False
61,poliwhirl,Têtarte,200,10,water,None,65,65,65,50,50,90,False,False,False
62,poliwrath,Tartard,540,13,water,fighting,90,95,95,70,90,70,False,False,False
63,abra,Abra,195,9,psychic,None,25,20,15,105,55,90,False,False,False
64,kadabra,Kadabra,565,13,psychic,None,40,35,30,120,70,105,False,False,False
65,alakazam,Alakazam,480,15,psychic,None,55,50,45,135,95,120,False,False,False
66,machop,Machoc,195,8,fighting,None,70,80,50,35,35,35,False,False,False
67,machoke,Machopeur,705,15,fighting,None,80,100,70,50,60,45,False,False,False
68,machamp,Mackogneur,1300,16,fighting,None,90,130,80,65,85,55,False,False,False
69,bellsprout,Chétiflor,40,7,grass,poison,50,75,35,70,30,40,False,False,False
70,weepinbell,Boustiflor,64,10,grass,poison,65,90,50,85,45,55,False,False,False
71,victreebel,Empiflor,155,17,grass,poison,80,105,65,100,70,70,False,False,False
72,tentacool,Tentacool,455,9,water,poison,40,40,35,50,100,70,False,False,False
73,tentacruel,Tentacruel,550,16,water,poison,80,70,65,80,120,100,False,False,False
74,geodude,Racaillou,200,4,rock,ground,40,80,100,30,30,20,False,False,False
75,graveler,Gravalanch,1050,10,rock,ground,55,95,115,45,45,35,False,False,False
76,golem,Grolem,3000,14,rock,ground,80,120,130,55,65,45,False,False,False
77,ponyta,Ponyta,300,10,fire,None,50,85,55,65,65,90,False,False,False
78,rapidash,Galopa,950,17,fire,None,65,100,70,80,80,105,False,False,False
79,slowpoke,Ramoloss,360,12,water,psychic,90,65,65,40,40,15,False,False,False
80,slowbro,Flagadoss,785,16,water,psychic,95,75,110,100,80,30,False,False,False
81,magnemite,Magnéti,60,3,electric,steel,25,35,70,95,55,45,False,False,False
82,magneton,Magnéton,600,10,electric,steel,50,60,95,120,70,70,False,False,False
83,farfetchd,Canarticho,150,8,normal,flying,52,90,55,58,62,60,False,False,False
84,doduo,Doduo,392,14,normal,flying,35,85,45,35,35,75,False,False,False
85,dodrio,Dodrio,852,18,normal,flying,60,110,70,60,60,110,False,False,False
86,seel,Otaria,900,11,water,None,65,45,55,45,70,45,False,False,False
87,dewgong,Lamantine,1200,17,water,ice,90,70,80,70,95,70,False,False,False
88,grimer,Tadmorv,300,9,poison,None,80,80,50,40,50,25,False,False,False
89,muk,Grotadmorv,300,12,poison,None,105,105,75,65,100,50,False,False,False
90,shellder,Kokiyas,40,3,water,None,30,65,100,45,25,40,False,False,False
91,cloyster,Crustabri,1325,15,water,ice,50,95,180,85,45,70,False,False,False
92,gastly,Fantominus,1,13,ghost,poison,30,35,30,100,35,80,False,False,False
93,haunter,Spectrum,1,16,ghost,poison,45,50,45,115,55,95,False,False,False
94,gengar,Ectoplasma,405,15,ghost,poison,60,65,60,130,75,110,False,False,False
95,onix,Onix,2100,88,rock,ground,35,45,160,30,45,70,False,False,False
96,drowzee,Soporifik,324,10,psychic,None,60,48,45,43,90,42,False,False,False
97,hypno,Hypnomade,756,16,psychic,None,85,73,70,73,115,67,False,False,False
98,krabby,Krabby,65,4,water,None,30,105,90,25,25,50,False,False,False
99,kingler,Krabboss,600,13,water,None,55,130,115,50,50,75,False,False,False
100,voltorb,Voltorbe,104,5,electric,None,40,30,50,55,55,100,False,False,False
101,electrode,Électrode,666,12,electric,None,60,50,70,80,80,150,False,False,False
102,exeggcute,Noeunoeuf,25,4,grass,psychic,60,40,80,60,45,40,False,False,False
103,exeggutor,Noadkoko,1200,20,grass,psychic,95,95,85,125,75,55,False,False,False
104,cubone,Osselait,65,4,ground,None,50,50,95,40,50,35,False,False,False
105,marowak,Ossatueur,450,10,ground,None,60,80,110,50,80,45,False,False,False
106,hitmonlee,Kicklee,498,15,fighting,None,50,120,53,35,110,87,False,False,False
107,hitmonchan,Tygnon,502,14,fighting,None,50,105,79,35,110,76,False,False,False
108,lickitung,Excelangue,655,12,normal,None,90,55,75,60,75,30,False,False,False
109,koffing,Smogo,10,6,poison,None,40,65,95,60,45,35,False,False,False
110,weezing,Smogogo,95,12,poison,None,65,90,120,85,70,60,False,False,False
111,rhyhorn,Rhinocorne,1150,10,ground,rock,80,85,95,30,30,25,False,False,False
112,rhydon,Rhinoféros,1200,19,ground,rock,105,130,120,45,45,40,False,False,False
113,chansey,Leveinard,346,11,normal,None,250,5,5,35,105,50,False,False,False
114,tangela,Saquedeneu,350,10,grass,None,65,55,115,100,40,60,False,False,False
115,kangaskhan,Kangourex,800,22,normal,None,105,95,80,40,80,90,False,False,False
116,horsea,Hypotrempe,80,4,water,None,30,40,70,70,25,60,False,False,False
117,seadra,Hypocéan,250,12,water,None,55,65,95,95,45,85,False,False,False
118,goldeen,Poissirène,150,6,water,None,45,67,60,35,50,63,False,False,False
119,seaking,Poissoroy,390,13,water,None,80,92,65,65,80,68,False,False,False
120,staryu,Stari,345,8,water,None,30,45,55,70,55,85,False,False,False
121,starmie,Staross,800,11,water,psychic,60,75,85,100,85,115,False,False,False
122,mr-mime,M. Mime,545,13,psychic,fairy,40,45,65,100,120,90,False,False,False
123,scyther,Insécateur,560,15,bug,flying,70,110,80,55,80,105,False,False,False
124,jynx,Lippoutou,406,14,ice,psychic,65,50,35,115,95,95,False,False,False
125,electabuzz,Élektek,300,11,electric,None,65,83,57,95,85,105,False,False,False
126,magmar,Magmar,445,13,fire,None,65,95,57,100,85,93,False,False,False
127,pinsir,Scarabrute,550,15,bug,None,65,125,100,55,70,85,False,False,False
128,tauros,Tauros,884,14,normal,None,75,100,95,40,70,110,False,False,False
129,magikarp,Magicarpe,100,9,water,None,20,10,55,15,20,80,False,False,False
130,gyarados,Léviator,2350,65,water,flying,95,125,79,60,100,81,False,False,False
131,lapras,Lokhlass,2200,25,water,ice,130,85,80,85,95,60,False,False,False
132,ditto,Métamorph,40,3,normal,None,48,48,48,48,48,48,False,False,False
133,eevee,Évoli,65,3,normal,None,55,55,50,45,65,55,False,False,False
134,vaporeon,Aquali,290,10,water,None,130,65,60,110,95,65,False,False,False
135,jolteon,Voltali,245,8,electric,None,65,65,60,110,95,130,False,False,False
136,flareon,Pyroli,250,9,fire,None,65,130,60,95,110,65,False,False,False
137,porygon,Porygon,365,8,normal,None,65,60,70,85,75,40,False,False,False
138,omanyte,Amonita,75,4,rock,water,35,40,100,90,55,35,False,False,False
139,omastar,Amonistar,350,10,rock,water,70,60,125,115,70,55,False,False,False
140,kabuto,Kabuto,115,5,rock,water,30,80,90,55,45,55,False,False,False
141,kabutops,Kabutops,405,13,rock,water,60,115,105,65,70,80,False,False,False
142,aerodactyl,Ptéra,590,18,rock,flying,80,105,65,60,75,130,False,False,False
143,snorlax,Ronflex,4600,21,normal,None,160,110,65,65,110,30,False,False,False
144,articuno,Artikodin,554,17,ice,flying,90,85,100,95,125,85,False,True,False
145,zapdos,Électhor,526,16,electric,flying,90,90,85,125,90,100,False,True,False
146,moltres,Sulfura,600,20,fire,flying,90,100,90,125,85,90,False,True,False
147,dratini,Minidraco,33,18,dragon,None,41,64,45,50,50,50,False,False,False
148,dragonair,Draco,165,40,dragon,None,61,84,65,70,70,70,False,False,False
149,dragonite,Dracolosse,2100,22,dragon,flying,91,134,95,100,100,80,False,False,False
150,mewtwo,Mewtwo,1220,20,psychic,None,106,110,90,154,90,130,False,True,False
151,mew,Mew,40,4,psychic,None,100,100,100,100,100,100,False,False,True
152,chikorita,Germignon,64,9,grass,None,45,49,65,49,65,45,False,False,False
153,bayleef,Macronium,158,12,grass,None,60,62,80,63,80,60,False,False,False
154,meganium,Méganium,1005,18,grass,None,80,82,100,83,100,80,False,False,False
155,cyndaquil,Héricendre,79,5,fire,None,39,52,43,60,50,65,False,False,False
156,quilava,Feurisson,190,9,fire,None,58,64,58,80,65,80,False,False,False
157,typhlosion,Typhlosion,795,17,fire,None,78,84,78,109,85,100,False,False,False
158,totodile,Kaiminus,95,6,water,None,50,65,64,44,48,43,False,False,False
159,croconaw,Crocrodil,250,11,water,None,65,80,80,59,63,58,False,False,False
160,feraligatr,Aligatueur,888,23,water,None,85,105,100,79,83,78,False,False,False
161,sentret,Fouinette,60,8,normal,None,35,46,34,35,45,20,False,False,False
162,furret,Fouinar,325,18,normal,None,85,76,64,45,55,90,False,False,False
163,hoothoot,Hoothoot,212,7,normal,flying,60,30,30,36,56,50,False,False,False
164,noctowl,Noarfang,408,16,normal,flying,100,50,50,86,96,70,False,False,False
165,ledyba,Coxy,108,10,bug,flying,40,20,30,40,80,55,False,False,False
166,ledian,Coxyclaque,356,14,bug,flying,55,35,50,55,110,85,False,False,False
167,spinarak,Mimigal,85,5,bug,poison,40,60,40,40,40,30,False,False,False
168,ariados,Migalos,335,11,bug,poison,70,90,70,60,70,40,False,False,False
169,crobat,Nostenfer,750,18,poison,flying,85,90,80,70,80,130,False,False,False
170,chinchou,Loupio,120,5,water,electric,75,38,38,56,56,67,False,False,False
171,lanturn,Lanturn,225,12,water,electric,125,58,58,76,76,67,False,False,False
172,pichu,Pichu,20,3,electric,None,20,40,15,35,35,60,True,False,False
173,cleffa,Mélo,30,3,fairy,None,50,25,28,45,55,15,True,False,False
174,igglybuff,Toudoudou,10,3,normal,fairy,90,30,15,40,20,15,True,False,False
175,togepi,Togepi,15,3,fairy,None,35,20,65,40,65,20,True,False,False
176,togetic,Togetic,32,6,fairy,flying,55,40,85,80,105,40,False,False,False
177,natu,Natu,20,2,psychic,flying,40,50,45,70,45,70,False,False,False
178,xatu,Xatu,150,15,psychic,flying,65,75,70,95,70,95,False,False,False
179,mareep,Wattouat,78,6,electric,None,55,40,40,65,45,35,False,False,False
180,flaaffy,Lainergie,133,8,electric,None,70,55,55,80,60,45,False,False,False
181,ampharos,Pharamp,615,14,electric,None,90,75,85,115,90,55,False,False,False
182,bellossom,Joliflor,58,4,grass,None,75,80,95,90,100,50,False,False,False
183,marill,Marill,85,4,water,fairy,70,20,50,20,50,40,False,False,False
184,azumarill,Azumarill,285,8,water,fairy,100,50,80,60,80,50,False,False,False
185,sudowoodo,Simularbre,380,12,rock,None,70,100,115,30,65,30,False,False,False
186,politoed,Tarpaud,339,11,water,None,90,75,75,90,100,70,False,False,False
187,hoppip,Granivol,5,4,grass,flying,35,35,40,35,55,50,False,False,False
188,skiploom,Floravol,10,6,grass,flying,55,45,50,45,65,80,False,False,False
189,jumpluff,Cotovol,30,8,grass,flying,75,55,70,55,95,110,False,False,False
190,aipom,Capumain,115,8,normal,None,55,70,55,40,55,85,False,False,False
191,sunkern,Tournegrin,18,3,grass,None,30,30,30,30,30,30,False,False,False
192,sunflora,Héliatronc,85,8,grass,None,75,75,55,105,85,30,False,False,False
193,yanma,Yanma,380,12,bug,flying,65,65,45,75,45,95,False,False,False
194,wooper,Axoloto,85,4,water,ground,55,45,45,25,25,15,False,False,False
195,quagsire,Maraiste,750,14,water,ground,95,85,85,65,65,35,False,False,False
196,espeon,Mentali,265,9,psychic,None,65,65,60,130,95,110,False,False,False
197,umbreon,Noctali,270,10,dark,None,95,65,110,60,130,65,False,False,False
198,murkrow,Cornèbre,21,5,dark,flying,60,85,42,85,42,91,False,False,False
199,slowking,Roigada,795,20,water,psychic,95,75,80,100,110,30,False,False,False
200,misdreavus,Feuforêve,10,7,ghost,None,60,60,60,85,85,85,False,False,False
201,unown,Zarbi,50,5,psychic,None,48,72,48,72,48,48,False,False,False
202,wobbuffet,Qulbutoké,285,13,psychic,None,190,33,58,33,58,33,False,False,False
203,girafarig,Girafarig,415,15,normal,psychic,70,80,65,90,65,85,False,False,False
204,pineco,Pomdepik,72,6,bug,None,50,65,90,35,35,15,False,False,False
205,forretress,Foretress,1258,12,bug,steel,75,90,140,60,60,40,False,False,False
206,dunsparce,Insolourdo,140,15,normal,None,100,70,70,65,65,45,False,False,False
207,gligar,Scorplane,648,11,ground,flying,65,75,105,35,65,85,False,False,False
208,steelix,Steelix,4000,92,steel,ground,75,85,200,55,65,30,False,False,False
209,snubbull,Snubbull,78,6,fairy,None,60,80,50,40,40,30,False,False,False
210,granbull,Granbull,487,14,fairy,None,90,120,75,60,60,45,False,False,False
211,qwilfish,Qwilfish,39,5,water,poison,65,95,85,55,55,85,False,False,False
212,scizor,Cizayox,1180,18,bug,steel,70,130,100,55,80,65,False,False,False
213,shuckle,Caratroc,205,6,bug,rock,20,10,230,10,230,5,False,False,False
214,heracross,Scarhino,540,15,bug,fighting,80,125,75,40,95,85,False,False,False
215,sneasel,Farfuret,280,9,dark,ice,55,95,55,35,75,115,False,False,False
216,teddiursa,Teddiursa,88,6,normal,None,60,80,50,50,50,40,False,False,False
217,ursaring,Ursaring,1258,18,normal,None,90,130,75,75,75,55,False,False,False
218,slugma,Limagma,350,7,fire,None,40,40,40,70,40,20,False,False,False
219,magcargo,Volcaropod,550,8,fire,rock,60,50,120,90,80,30,False,False,False
220,swinub,Marcacrin,65,4,ice,ground,50,50,40,30,30,50,False,False,False
221,piloswine,Cochignon,558,11,ice,ground,100,100,80,60,60,50,False,False,False
222,corsola,Corayon,50,6,water,rock,65,55,95,65,95,35,False,False,False
223,remoraid,Rémoraid,120,6,water,None,35,65,35,65,35,65,False,False,False
224,octillery,Octillery,285,9,water,None,75,105,75,105,75,45,False,False,False
225,delibird,Cadoizo,160,9,ice,flying,45,55,45,65,45,75,False,False,False
226,mantine,Démanta,2200,21,water,flying,85,40,70,80,140,70,False,False,False
227,skarmory,Airmure,505,17,steel,flying,65,80,140,40,70,70,False,False,False
228,houndour,Malosse,108,6,dark,fire,45,60,30,80,50,65,False,False,False
229,houndoom,Démolosse,350,14,dark,fire,75,90,50,110,80,95,False,False,False
230,kingdra,Hyporoi,1520,18,water,dragon,75,95,95,95,95,85,False,False,False
231,phanpy,Phanpy,335,5,ground,None,90,60,60,40,40,40,False,False,False
232,donphan,Donphan,1200,11,ground,None,90,120,120,60,60,50,False,False,False
233,porygon2,Porygon2,325,6,normal,None,85,80,90,105,95,60,False,False,False
234,stantler,Cerfrousse,712,14,normal,None,73,95,62,85,65,85,False,False,False
235,smeargle,Queulorior,580,12,normal,None,55,20,35,20,45,75,False,False,False
236,tyrogue,Debugant,210,7,fighting,None,35,35,35,35,35,35,True,False,False
237,hitmontop,Kapoera,480,14,fighting,None,50,95,95,35,110,70,False,False,False
238,smoochum,Lippouti,60,4,ice,psychic,45,30,15,85,65,65,True,False,False
239,elekid,Élekid,235,6,electric,None,45,63,37,65,55,95,True,False,False
240,magby,Magby,214,7,fire,None,45,75,37,70,55,83,True,False,False
241,miltank,Écrémeuh,755,12,normal,None,95,80,105,40,70,100,False,False,False
242,blissey,Leuphorie,468,15,normal,None,255,10,10,75,135,55,False,False,False
243,raikou,Raikou,1780,19,electric,None,90,85,75,115,100,115,False,True,False
244,entei,Entei,1980,21,fire,None,115,115,85,90,75,100,False,True,False
245,suicune,Suicune,1870,20,water,None,100,75,115,90,115,85,False,True,False
246,larvitar,Embrylex,720,6,rock,ground,50,64,50,45,50,41,False,False,False
247,pupitar,Ymphect,1520,12,rock,ground,70,84,70,65,70,51,False,False,False
248,tyranitar,Tyranocif,2020,20,rock,dark,100,134,110,95,100,61,False,False,False
249,lugia,Lugia,2160,52,psychic,flying,106,90,130,90,154,110,False,True,False
250,ho-oh,Ho-Oh,1990,38,fire,flying,106,130,90,110,154,90,False,True,False
251,celebi,Celebi,50,6,psychic,grass,100,100,100,100,100,100,False,False,True
252,treecko,Arcko,50,5,grass,None,40,45,35,65,55,70,False,False,False
253,grovyle,Massko,216,9,grass,None,50,65,45,85,65,95,False,False,False
254,sceptile,Jungko,522,17,grass,None,70,85,65,105,85,120,False,False,False
255,torchic,Poussifeu,25,4,fire,None,45,60,40,70,50,45,False,False,False
256,combusken,Galifeu,195,9,fire,fighting,60,85,60,85,60,55,False,False,False
257,blaziken,Braségali,520,19,fire,fighting,80,120,70,110,70,80,False,False,False
258,mudkip,Gobou,76,4,water,None,50,70,50,50,50,40,False,False,False
259,marshtomp,Flobio,280,7,water,ground,70,85,70,60,70,50,False,False,False
260,swampert,Laggron,819,15,water,ground,100,110,90,85,90,60,False,False,False
261,poochyena,Medhyèna,136,5,dark,None,35,55,35,30,30,35,False,False,False
262,mightyena,Grahyèna,370,10,dark,None,70,90,70,60,60,70,False,False,False
263,zigzagoon,Zigzaton,175,4,normal,None,38,30,41,30,41,60,False,False,False
264,linoone,Linéon,325,5,normal,None,78,70,61,50,61,100,False,False,False
265,wurmple,Chenipotte,36,3,bug,None,45,45,35,20,30,20,False,False,False
266,silcoon,Armulys,100,6,bug,None,50,35,55,25,25,15,False,False,False
267,beautifly,Charmillon,284,10,bug,flying,60,70,50,100,50,65,False,False,False
268,cascoon,Blindalys,115,7,bug,None,50,35,55,25,25,15,False,False,False
269,dustox,Papinox,316,12,bug,poison,60,50,70,50,90,65,False,False,False
270,lotad,Nénupiot,26,5,water,grass,40,30,30,40,50,30,False,False,False
271,lombre,Lombre,325,12,water,grass,60,50,50,60,70,50,False,False,False
272,ludicolo,Ludicolo,550,15,water,grass,80,70,70,90,100,70,False,False,False
273,seedot,Grainipiot,40,5,grass,None,40,40,50,30,30,30,False,False,False
274,nuzleaf,Pifeuil,280,10,grass,dark,70,70,40,60,40,60,False,False,False
275,shiftry,Tengalice,596,13,grass,dark,90,100,60,90,60,80,False,False,False
276,taillow,Nirondelle,23,3,normal,flying,40,55,30,30,30,85,False,False,False
277,swellow,Hélédelle,198,7,normal,flying,60,85,60,75,50,125,False,False,False
278,wingull,Goélise,95,6,water,flying,40,30,30,55,30,85,False,False,False
279,pelipper,Bekipan,280,12,water,flying,60,50,100,95,70,65,False,False,False
280,ralts,Tarsal,66,4,psychic,fairy,28,25,25,45,35,40,False,False,False
281,kirlia,Kirlia,202,8,psychic,fairy,38,35,35,65,55,50,False,False,False
282,gardevoir,Gardevoir,484,16,psychic,fairy,68,65,65,125,115,80,False,False,False
283,surskit,Arakdo,17,5,bug,water,40,30,32,50,52,65,False,False,False
284,masquerain,Maskadra,36,8,bug,flying,70,60,62,100,82,80,False,False,False
285,shroomish,Balignon,45,4,grass,None,60,40,60,40,60,35,False,False,False
286,breloom,Chapignon,392,12,grass,fighting,60,130,80,60,60,70,False,False,False
287,slakoth,Parecool,240,8,normal,None,60,60,60,35,35,30,False,False,False
288,vigoroth,Vigoroth,465,14,normal,None,80,80,80,55,55,90,False,False,False
289,slaking,Monaflèmit,1305,20,normal,None,150,160,100,95,65,100,False,False,False
290,nincada,Ningale,55,5,bug,ground,31,45,90,30,30,40,False,False,False
291,ninjask,Ninjask,120,8,bug,flying,61,90,45,50,50,160,False,False,False
292,shedinja,Munja,12,8,bug,ghost,1,90,45,30,30,40,False,False,False
293,whismur,Chuchmur,163,6,normal,None,64,51,23,51,23,28,False,False,False
294,loudred,Ramboum,405,10,normal,None,84,71,43,71,43,48,False,False,False
295,exploud,Brouhabam,840,15,normal,None,104,91,63,91,73,68,False,False,False
296,makuhita,Makuhita,864,10,fighting,None,72,60,30,20,30,25,False,False,False
297,hariyama,Hariyama,2538,23,fighting,None,144,120,60,40,60,50,False,False,False
298,azurill,Azurill,20,2,normal,fairy,50,20,40,20,40,20,True,False,False
299,nosepass,Tarinor,970,10,rock,None,30,45,135,45,90,30,False,False,False
300,skitty,Skitty,110,6,normal,None,50,45,45,35,35,50,False,False,False
301,delcatty,Delcatty,326,11,normal,None,70,65,65,55,55,90,False,False,False
302,sableye,Ténéfix,110,5,dark,ghost,50,75,75,65,65,50,False,False,False
303,mawile,Mysdibule,115,6,steel,fairy,50,85,85,55,55,50,False,False,False
304,aron,Galekid,600,4,steel,rock,50,70,100,40,40,30,False,False,False
305,lairon,Galegon,1200,9,steel,rock,60,90,140,50,50,40,False,False,False
306,aggron,Galeking,3600,21,steel,rock,70,110,180,60,60,50,False,False,False
307,meditite,Méditikka,112,6,fighting,psychic,30,40,55,40,55,60,False,False,False
308,medicham,Charmina,315,13,fighting,psychic,60,60,75,60,75,80,False,False,False
309,electrike,Dynavolt,152,6,electric,None,40,45,40,65,40,65,False,False,False
310,manectric,Élecsprint,402,15,electric,None,70,75,60,105,60,105,False,False,False
311,plusle,Posipi,42,4,electric,None,60,50,40,85,75,95,False,False,False
312,minun,Négapi,42,4,electric,None,60,40,50,75,85,95,False,False,False
313,volbeat,Muciole,177,7,bug,None,65,73,75,47,85,85,False,False,False
314,illumise,Lumivole,177,6,bug,None,65,47,75,73,85,85,False,False,False
315,roselia,Rosélia,20,3,grass,poison,50,60,45,100,80,65,False,False,False
316,gulpin,Gloupti,103,4,poison,None,70,43,53,43,53,40,False,False,False
317,swalot,Avaltout,800,17,poison,None,100,73,83,73,83,55,False,False,False
318,carvanha,Carvanha,208,8,water,dark,45,90,20,65,20,65,False,False,False
319,sharpedo,Sharpedo,888,18,water,dark,70,120,40,95,40,95,False,False,False
320,wailmer,Wailmer,1300,20,water,None,130,70,35,70,35,60,False,False,False
321,wailord,Wailord,3980,145,water,None,170,90,45,90,45,60,False,False,False
322,numel,Chamallot,240,7,fire,ground,60,60,40,65,45,35,False,False,False
323,camerupt,Camérupt,2200,19,fire,ground,70,100,70,105,75,40,False,False,False
324,torkoal,Chartor,804,5,fire,None,70,85,140,85,70,20,False,False,False
325,spoink,Spoink,306,7,psychic,None,60,25,35,70,80,60,False,False,False
326,grumpig,Groret,715,9,psychic,None,80,45,65,90,110,80,False,False,False
327,spinda,Spinda,50,11,normal,None,60,60,60,60,60,60,False,False,False
328,trapinch,Kraknoix,150,7,ground,None,45,100,45,45,45,10,False,False,False
329,vibrava,Vibraninf,153,11,ground,dragon,50,70,50,50,50,70,False,False,False
330,flygon,Libégon,820,20,ground,dragon,80,100,80,80,80,100,False,False,False
331,cacnea,Cacnea,513,4,grass,None,50,85,40,85,40,35,False,False,False
332,cacturne,Cacturne,774,13,grass,dark,70,115,60,115,60,55,False,False,False
333,swablu,Tylton,12,4,normal,flying,45,40,60,40,75,50,False,False,False
334,altaria,Altaria,206,11,dragon,flying,75,70,90,70,105,80,False,False,False
335,zangoose,Mangriff,403,13,normal,None,73,115,60,60,60,90,False,False,False
336,seviper,Séviper,525,27,poison,None,73,100,60,100,60,65,False,False,False
337,lunatone,Séléroc,1680,10,rock,psychic,90,55,65,95,85,70,False,False,False
338,solrock,Solaroc,1540,12,rock,psychic,90,95,85,55,65,70,False,False,False
339,barboach,Barloche,19,4,water,ground,50,48,43,46,41,60,False,False,False
340,whiscash,Barbicha,236,9,water,ground,110,78,73,76,71,60,False,False,False
341,corphish,Écrapince,115,6,water,None,43,80,65,50,35,35,False,False,False
342,crawdaunt,Colhomard,328,11,water,dark,63,120,85,90,55,55,False,False,False
343,baltoy,Balbuto,215,5,ground,psychic,40,40,55,40,70,55,False,False,False
344,claydol,Kaorine,1080,15,ground,psychic,60,70,105,70,120,75,False,False,False
345,lileep,Lilia,238,10,rock,grass,66,41,77,61,87,23,False,False,False
346,cradily,Vacilys,604,15,rock,grass,86,81,97,81,107,43,False,False,False
347,anorith,Anorith,125,7,rock,bug,45,95,50,40,50,75,False,False,False
348,armaldo,Armaldo,682,15,rock,bug,75,125,100,70,80,45,False,False,False
349,feebas,Barpau,74,6,water,None,20,15,20,10,55,80,False,False,False
350,milotic,Milobellus,1620,62,water,None,95,60,79,100,125,81,False,False,False
351,castform,Morphéo,8,3,normal,None,70,70,70,70,70,70,False,False,False
352,kecleon,Kecleon,220,10,normal,None,60,90,70,60,120,40,False,False,False
353,shuppet,Polichombr,23,6,ghost,None,44,75,35,63,33,45,False,False,False
354,banette,Branette,125,11,ghost,None,64,115,65,83,63,65,False,False,False
355,duskull,Skelénox,150,8,ghost,None,20,40,90,30,90,25,False,False,False
356,dusclops,Téraclope,306,16,ghost,None,40,70,130,60,130,25,False,False,False
357,tropius,Tropius,1000,20,grass,flying,99,68,83,72,87,51,False,False,False
358,chimecho,Éoko,10,6,psychic,None,75,50,80,95,90,65,False,False,False
359,absol,Absol,470,12,dark,None,65,130,60,75,60,75,False,False,False
360,wynaut,Okéoké,140,6,psychic,None,95,23,48,23,48,23,True,False,False
361,snorunt,Stalgamin,168,7,ice,None,50,50,50,50,50,50,False,False,False
362,glalie,Oniglali,2565,15,ice,None,80,80,80,80,80,80,False,False,False
363,spheal,Obalie,395,8,ice,water,70,40,50,55,50,25,False,False,False
364,sealeo,Phogleur,876,11,ice,water,90,60,70,75,70,45,False,False,False
365,walrein,Kaimorse,1506,14,ice,water,110,80,90,95,90,65,False,False,False
366,clamperl,Coquiperl,525,4,water,None,35,64,85,74,55,32,False,False,False
367,huntail,Serpang,270,17,water,None,55,104,105,94,75,52,False,False,False
368,gorebyss,Rosabyss,226,18,water,None,55,84,105,114,75,52,False,False,False
369,relicanth,Relicanth,234,10,water,rock,100,90,130,45,65,55,False,False,False
370,luvdisc,Lovdisc,87,6,water,None,43,30,55,40,65,97,False,False,False
371,bagon,Draby,421,6,dragon,None,45,75,60,40,30,50,False,False,False
372,shelgon,Drackhaus,1105,11,dragon,None,65,95,100,60,50,50,False,False,False
373,salamence,Drattak,1026,15,dragon,flying,95,135,80,110,80,100,False,False,False
374,beldum,Terhal,952,6,steel,psychic,40,55,80,35,60,30,False,False,False
375,metang,Métang,2025,12,steel,psychic,60,75,100,55,80,50,False,False,False
376,metagross,Métalosse,5500,16,steel,psychic,80,135,130,95,90,70,False,False,False
377,regirock,Regirock,2300,17,rock,None,80,100,200,50,100,50,False,True,False
378,regice,Regice,1750,18,ice,None,80,50,100,100,200,50,False,True,False
379,registeel,Registeel,2050,19,steel,None,80,75,150,75,150,50,False,True,False
380,latias,Latias,400,14,dragon,psychic,80,80,90,110,130,110,False,True,False
381,latios,Latios,600,20,dragon,psychic,80,90,80,130,110,110,False,True,False
382,kyogre,Kyogre,3520,45,water,None,100,100,90,150,140,90,False,True,False
383,groudon,Groudon,9500,35,ground,None,100,150,140,100,90,90,False,True,False
384,rayquaza,Rayquaza,2065,70,dragon,flying,105,150,90,150,90,95,False,True,False
385,jirachi,Jirachi,11,3,steel,psychic,100,100,100,100,100,100,False,False,True
386,deoxys-normal,Deoxys,608,17,psychic,None,50,150,50,150,50,150,False,False,True
387,turtwig,Tortipouss,102,4,grass,None,55,68,64,45,55,31,False,False,False
388,grotle,Boskara,970,11,grass,None,75,89,85,55,65,36,False,False,False
389,torterra,Torterra,3100,22,grass,ground,95,109,105,75,85,56,False,False,False
390,chimchar,Ouisticram,62,5,fire,None,44,58,44,58,44,61,False,False,False
391,monferno,Chimpenfeu,220,9,fire,fighting,64,78,52,78,52,81,False,False,False
392,infernape,Simiabraz,550,12,fire,fighting,76,104,71,104,71,108,False,False,False
393,piplup,Tiplouf,52,4,water,None,53,51,53,61,56,40,False,False,False
394,prinplup,Prinplouf,230,8,water,None,64,66,68,81,76,50,False,False,False
395,empoleon,Pingoléon,845,17,water,steel,84,86,88,111,101,60,False,False,False
396,starly,Étourmi,20,3,normal,flying,40,55,30,30,30,60,False,False,False
397,staravia,Étourvol,155,6,normal,flying,55,75,50,40,40,80,False,False,False
398,staraptor,Étouraptor,249,12,normal,flying,85,120,70,50,60,100,False,False,False
399,bidoof,Keunotor,200,5,normal,None,59,45,40,35,40,31,False,False,False
400,bibarel,Castorno,315,10,normal,water,79,85,60,55,60,71,False,False,False
401,kricketot,Crikzik,22,3,bug,None,37,25,41,25,41,25,False,False,False
402,kricketune,Mélokrik,255,10,bug,None,77,85,51,55,51,65,False,False,False
403,shinx,Lixy,95,5,electric,None,45,65,34,40,34,45,False,False,False
404,luxio,Luxio,305,9,electric,None,60,85,49,60,49,60,False,False,False
405,luxray,Luxray,420,14,electric,None,80,120,79,95,79,70,False,False,False
406,budew,Rozbouton,12,2,grass,poison,40,30,35,50,70,55,True,False,False
407,roserade,Roserade,145,9,grass,poison,60,70,65,125,105,90,False,False,False
408,cranidos,Kranidos,315,9,rock,None,67,125,40,30,30,58,False,False,False
409,rampardos,Charkos,1025,16,rock,None,97,165,60,65,50,58,False,False,False
410,shieldon,Dinoclier,570,5,rock,steel,30,42,118,42,88,30,False,False,False
411,bastiodon,Bastiodon,1495,13,rock,steel,60,52,168,47,138,30,False,False,False
412,burmy,Cheniti,34,2,bug,None,40,29,45,29,45,36,False,False,False
413,wormadam-plant,Cheniselle,65,5,bug,grass,60,59,85,79,105,36,False,False,False
414,mothim,Papilord,233,9,bug,flying,70,94,50,94,50,66,False,False,False
415,combee,Apitrini,55,3,bug,flying,30,30,42,30,42,70,False,False,False
416,vespiquen,Apireine,385,12,bug,flying,70,80,102,80,102,40,False,False,False
417,pachirisu,Pachirisu,39,4,electric,None,60,45,70,45,90,95,False,False,False
418,buizel,Mustébouée,295,7,water,None,55,65,35,60,30,85,False,False,False
419,floatzel,Mustéflott,335,11,water,None,85,105,55,85,50,115,False,False,False
420,cherubi,Ceribou,33,4,grass,None,45,35,45,62,53,35,False,False,False
421,cherrim,Ceriflor,93,5,grass,None,70,60,70,87,78,85,False,False,False
422,shellos,Sancoki,63,3,water,None,76,48,48,57,62,34,False,False,False
423,gastrodon,Tritosor,299,9,water,ground,111,83,68,92,82,39,False,False,False
424,ambipom,Capidextre,203,12,normal,None,75,100,66,60,66,115,False,False,False
425,drifloon,Baudrive,12,4,ghost,flying,90,50,34,60,44,70,False,False,False
426,drifblim,Grodrive,150,12,ghost,flying,150,80,44,90,54,80,False,False,False
427,buneary,Laporeille,55,4,normal,None,55,66,44,44,56,85,False,False,False
428,lopunny,Lockpin,333,12,normal,None,65,76,84,54,96,105,False,False,False
429,mismagius,Magirêve,44,9,ghost,None,60,60,60,105,105,105,False,False,False
430,honchkrow,Corboss,273,9,dark,flying,100,125,52,105,52,71,False,False,False
431,glameow,Chaglam,39,5,normal,None,49,55,42,42,37,85,False,False,False
432,purugly,Chaffreux,438,10,normal,None,71,82,64,64,59,112,False,False,False
433,chingling,Korillon,6,2,psychic,None,45,30,50,65,50,45,True,False,False
434,stunky,Moufouette,192,4,poison,dark,63,63,47,41,41,74,False,False,False
435,skuntank,Moufflair,380,10,poison,dark,103,93,67,71,61,84,False,False,False
436,bronzor,Archéomire,605,5,steel,psychic,57,24,86,24,86,23,False,False,False
437,bronzong,Archéodong,1870,13,steel,psychic,67,89,116,79,116,33,False,False,False
438,bonsly,Manzaï,150,5,rock,None,50,80,95,10,45,10,True,False,False
439,mime-jr,Mime Jr.,130,6,psychic,fairy,20,25,45,70,90,60,True,False,False
440,happiny,Ptiravi,244,6,normal,None,100,5,5,15,65,30,True,False,False
441,chatot,Pijako,19,5,normal,flying,76,65,45,92,42,91,False,False,False
442,spiritomb,Spiritomb,1080,10,ghost,dark,50,92,108,92,108,35,False,False,False
443,gible,Griknot,205,7,dragon,ground,58,70,45,40,45,42,False,False,False
444,gabite,Carmache,560,14,dragon,ground,68,90,65,50,55,82,False,False,False
445,garchomp,Carchacrok,950,19,dragon,ground,108,130,95,80,85,102,False,False,False
446,munchlax,Goinfrex,1050,6,normal,None,135,85,40,40,85,5,True,False,False
447,riolu,Riolu,202,7,fighting,None,40,70,40,35,40,60,True,False,False
448,lucario,Lucario,540,12,fighting,steel,70,110,70,115,70,90,False,False,False
449,hippopotas,Hippopotas,495,8,ground,None,68,72,78,38,42,32,False,False,False
450,hippowdon,Hippodocus,3000,20,ground,None,108,112,118,68,72,47,False,False,False
451,skorupi,Rapion,120,8,poison,bug,40,50,90,30,55,65,False,False,False
452,drapion,Drascore,615,13,poison,dark,70,90,110,60,75,95,False,False,False
453,croagunk,Cradopaud,230,7,poison,fighting,48,61,40,61,40,50,False,False,False
454,toxicroak,Coatox,444,13,poison,fighting,83,106,65,86,65,85,False,False,False
455,carnivine,Vortente,270,14,grass,None,74,100,72,90,72,46,False,False,False
456,finneon,Écayon,70,4,water,None,49,49,56,49,61,66,False,False,False
457,lumineon,Luminéon,240,12,water,None,69,69,76,69,86,91,False,False,False
458,mantyke,Babimanta,650,10,water,flying,45,20,50,60,120,50,True,False,False
459,snover,Blizzi,505,10,grass,ice,60,62,50,62,60,40,False,False,False
460,abomasnow,Blizzaroi,1355,22,grass,ice,90,92,75,92,85,60,False,False,False
461,weavile,Dimoret,340,11,dark,ice,70,120,65,45,85,125,False,False,False
462,magnezone,Magnézone,1800,12,electric,steel,70,70,115,130,90,60,False,False,False
463,lickilicky,Coudlangue,1400,17,normal,None,110,85,95,80,95,50,False,False,False
464,rhyperior,Rhinastoc,2828,24,ground,rock,115,140,130,55,55,40,False,False,False
465,tangrowth,Bouldeneu,1286,20,grass,None,100,100,125,110,50,50,False,False,False
466,electivire,Élekable,1386,18,electric,None,75,123,67,95,85,95,False,False,False
467,magmortar,Maganon,680,16,fire,None,75,95,67,125,95,83,False,False,False
468,togekiss,Togekiss,380,15,fairy,flying,85,50,95,120,115,80,False,False,False
469,yanmega,Yanmega,515,19,bug,flying,86,76,86,116,56,95,False,False,False
470,leafeon,Phyllali,255,10,grass,None,65,110,130,60,65,95,False,False,False
471,glaceon,Givrali,259,8,ice,None,65,60,110,130,95,65,False,False,False
472,gliscor,Scorvol,425,20,ground,flying,75,95,125,45,75,95,False,False,False
473,mamoswine,Mammochon,2910,25,ice,ground,110,130,80,70,60,80,False,False,False
474,porygon-z,Porygon-Z,340,9,normal,None,85,80,70,135,75,90,False,False,False
475,gallade,Gallame,520,16,psychic,fighting,68,125,65,65,115,80,False,False,False
476,probopass,Tarinorme,3400,14,rock,steel,60,55,145,75,150,40,False,False,False
477,dusknoir,Noctunoir,1066,22,ghost,None,45,100,135,65,135,45,False,False,False
478,froslass,Momartik,266,13,ice,ghost,70,80,70,80,70,110,False,False,False
479,rotom,Motisma,3,3,electric,ghost,50,50,77,95,77,91,False,False,False
480,uxie,Créhelf,3,3,psychic,None,75,75,130,75,130,95,False,True,False
481,mesprit,Créfollet,3,3,psychic,None,80,105,105,105,105,80,False,True,False
482,azelf,Créfadet,3,3,psychic,None,75,125,70,125,70,115,False,True,False
483,dialga,Dialga,6830,54,steel,dragon,100,120,120,150,100,90,False,True,False
484,palkia,Palkia,3360,42,water,dragon,90,120,100,150,120,100,False,True,False
485,heatran,Heatran,4300,17,fire,steel,91,90,106,130,106,77,False,True,False
486,regigigas,Regigigas,4200,37,normal,None,110,160,110,80,110,100,False,True,False
487,giratina-altered,Giratina,7500,45,ghost,dragon,150,100,120,100,120,90,False,True,False
488,cresselia,Cresselia,856,15,psychic,None,120,70,110,75,120,85,False,True,False
489,phione,Phione,31,4,water,None,80,80,80,80,80,80,False,False,True
490,manaphy,Manaphy,14,3,water,None,100,100,100,100,100,100,False,False,True
491,darkrai,Darkrai,505,15,dark,None,70,90,90,135,90,125,False,False,True
492,shaymin-land,Shaymin,21,2,grass,None,100,100,100,100,100,100,False,False,True
493,arceus,Arceus,3200,32,normal,None,120,120,120,120,120,120,False,False,True
494,victini,Victini,40,4,psychic,fire,100,100,100,100,100,100,False,False,True
495,snivy,Vipélierre,81,6,grass,None,45,45,55,45,55,63,False,False,False
496,servine,Lianaja,160,8,grass,None,60,60,75,60,75,83,False,False,False
497,serperior,Majaspic,630,33,grass,None,75,75,95,75,95,113,False,False,False
498,tepig,Gruikui,99,5,fire,None,65,63,45,45,45,45,False,False,False
499,pignite,Grotichon,555,10,fire,fighting,90,93,55,70,55,55,False,False,False
500,emboar,Roitiflam,1500,16,fire,fighting,110,123,65,100,65,65,False,False,False
501,oshawott,Moustillon,59,5,water,None,55,55,45,63,45,45,False,False,False
502,dewott,Mateloutre,245,8,water,None,75,75,60,83,60,60,False,False,False
503,samurott,Clamiral,946,15,water,None,95,100,85,108,70,70,False,False,False
504,patrat,Ratentif,116,5,normal,None,45,55,39,35,39,42,False,False,False
505,watchog,Miradar,270,11,normal,None,60,85,69,60,69,77,False,False,False
506,lillipup,Ponchiot,41,4,normal,None,45,60,45,25,45,55,False,False,False
507,herdier,Ponchien,147,9,normal,None,65,80,65,35,65,60,False,False,False
508,stoutland,Mastouffe,610,12,normal,None,85,110,90,45,90,80,False,False,False
509,purrloin,Chacripan,101,4,dark,None,41,50,37,50,37,66,False,False,False
510,liepard,Léopardus,375,11,dark,None,64,88,50,88,50,106,False,False,False
511,pansage,Feuillajou,105,6,grass,None,50,53,48,53,48,64,False,False,False
512,simisage,Feuiloutan,305,11,grass,None,75,98,63,98,63,101,False,False,False
513,pansear,Flamajou,110,6,fire,None,50,53,48,53,48,64,False,False,False
514,simisear,Flamoutan,280,10,fire,None,75,98,63,98,63,101,False,False,False
515,panpour,Flotajou,135,6,water,None,50,53,48,53,48,64,False,False,False
516,simipour,Flotoutan,290,10,water,None,75,98,63,98,63,101,False,False,False
517,munna,Munna,233,6,psychic,None,76,25,45,67,55,24,False,False,False
518,musharna,Mushana,605,11,psychic,None,116,55,85,107,95,29,False,False,False
519,pidove,Poichigeon,21,3,normal,flying,50,55,50,36,30,43,False,False,False
520,tranquill,Colombeau,150,6,normal,flying,62,77,62,50,42,65,False,False,False
521,unfezant,Déflaisan,290,12,normal,flying,80,115,80,65,55,93,False,False,False
522,blitzle,Zébibron,298,8,electric,None,45,60,32,50,32,76,False,False,False
523,zebstrika,Zéblitz,795,16,electric,None,75,100,63,80,63,116,False,False,False
524,roggenrola,Nodulithe,180,4,rock,None,55,75,85,25,25,15,False,False,False
525,boldore,Géolithe,1020,9,rock,None,70,105,105,50,40,20,False,False,False
526,gigalith,Gigalithe,2600,17,rock,None,85,135,130,60,80,25,False,False,False
527,woobat,Chovsourir,21,4,psychic,flying,65,45,43,55,43,72,False,False,False
528,swoobat,Rhinolove,105,9,psychic,flying,67,57,55,77,55,114,False,False,False
529,drilbur,Rototaupe,85,3,ground,None,60,85,40,30,45,68,False,False,False
530,excadrill,Minotaupe,404,7,ground,steel,110,135,60,50,65,88,False,False,False
531,audino,Nanméouïe,310,11,normal,None,103,60,86,60,86,50,False,False,False
532,timburr,Charpenti,125,6,fighting,None,75,80,55,25,35,35,False,False,False
533,gurdurr,Ouvrifier,400,12,fighting,None,85,105,85,40,50,40,False,False,False
534,conkeldurr,Bétochef,870,14,fighting,None,105,140,95,55,65,45,False,False,False
535,tympole,Tritonde,45,5,water,None,50,50,40,50,40,64,False,False,False
536,palpitoad,Batracné,170,8,water,ground,75,65,55,65,55,69,False,False,False
537,seismitoad,Crapustule,620,15,water,ground,105,95,75,85,75,74,False,False,False
538,throh,Judokrak,555,13,fighting,None,120,100,85,30,85,45,False,False,False
539,sawk,Karaclée,510,14,fighting,None,75,125,75,30,75,85,False,False,False
540,sewaddle,Larveyette,25,3,bug,grass,45,53,70,40,60,42,False,False,False
541,swadloon,Couverdure,73,5,bug,grass,55,63,90,50,80,42,False,False,False
542,leavanny,Manternel,205,12,bug,grass,75,103,80,70,80,92,False,False,False
543,venipede,Venipatte,53,4,bug,poison,30,45,59,30,39,57,False,False,False
544,whirlipede,Scobolide,585,12,bug,poison,40,55,99,40,79,47,False,False,False
545,scolipede,Brutapode,2005,25,bug,poison,60,100,89,55,69,112,False,False,False
546,cottonee,Doudouvet,6,3,grass,fairy,40,27,60,37,50,66,False,False,False
547,whimsicott,Farfaduvet,66,7,grass,fairy,60,67,85,77,75,116,False,False,False
548,petilil,Chlorobule,66,5,grass,None,45,35,50,70,50,30,False,False,False
549,lilligant,Fragilady,163,11,grass,None,70,60,75,110,75,90,False,False,False
550,basculin-red-striped,Bargantua,180,10,water,None,70,92,65,80,55,98,False,False,False
551,sandile,Mascaïman,152,7,ground,dark,50,72,35,35,35,65,False,False,False
552,krokorok,Escroco,334,10,ground,dark,60,82,45,45,45,74,False,False,False
553,krookodile,Crocorible,963,15,ground,dark,95,117,80,65,70,92,False,False,False
554,darumaka,Darumarond,375,6,fire,None,70,90,45,15,45,50,False,False,False
555,darmanitan-standard,Darumacho,929,13,fire,None,105,140,55,30,55,95,False,False,False
556,maractus,Maracachi,280,10,grass,None,75,86,67,106,67,60,False,False,False
557,dwebble,Crabicoque,145,3,bug,rock,50,65,85,35,35,55,False,False,False
558,crustle,Crabaraque,2000,14,bug,rock,70,105,125,65,75,45,False,False,False
559,scraggy,Baggiguane,118,6,dark,fighting,50,75,70,35,70,48,False,False,False
560,scrafty,Baggaïd,300,11,dark,fighting,65,90,115,45,115,58,False,False,False
561,sigilyph,Cryptéro,140,14,psychic,flying,72,58,80,103,80,97,False,False,False
562,yamask,Tutafeh,15,5,ghost,None,38,30,85,55,65,30,False,False,False
563,cofagrigus,Tutankafer,765,17,ghost,None,58,50,145,95,105,30,False,False,False
564,tirtouga,Carapagos,165,7,water,rock,54,78,103,53,45,22,False,False,False
565,carracosta,Mégapagos,810,12,water,rock,74,108,133,83,65,32,False,False,False
566,archen,Arkéapti,95,5,rock,flying,55,112,45,74,45,70,False,False,False
567,archeops,Aéroptéryx,320,14,rock,flying,75,140,65,112,65,110,False,False,False
568,trubbish,Miamiasme,310,6,poison,None,50,50,62,40,62,65,False,False,False
569,garbodor,Miasmax,1073,19,poison,None,80,95,82,60,82,75,False,False,False
570,zorua,Zorua,125,7,dark,None,40,65,40,80,40,65,False,False,False
571,zoroark,Zoroark,811,16,dark,None,60,105,60,120,60,105,False,False,False
572,minccino,Chinchidou,58,4,normal,None,55,50,40,40,40,75,False,False,False
573,cinccino,Pashmilla,75,5,normal,None,75,95,60,65,60,115,False,False,False
574,gothita,Scrutella,58,4,psychic,None,45,30,50,55,65,45,False,False,False
575,gothorita,Mesmérella,180,7,psychic,None,60,45,70,75,85,55,False,False,False
576,gothitelle,Sidérella,440,15,psychic,None,70,55,95,95,110,65,False,False,False
577,solosis,Nucléos,10,3,psychic,None,45,30,40,105,50,20,False,False,False
578,duosion,Méios,80,6,psychic,None,65,40,50,125,60,30,False,False,False
579,reuniclus,Symbios,201,10,psychic,None,110,65,75,125,85,30,False,False,False
580,ducklett,Couaneton,55,5,water,flying,62,44,50,44,50,55,False,False,False
581,swanna,Lakmécygne,242,13,water,flying,75,87,63,87,63,98,False,False,False
582,vanillite,Sorbébé,57,4,ice,None,36,50,50,65,60,44,False,False,False
583,vanillish,Sorboul,410,11,ice,None,51,65,65,80,75,59,False,False,False
584,vanilluxe,Sorbouboul,575,13,ice,None,71,95,85,110,95,79,False,False,False
585,deerling,Vivaldaim,195,6,normal,grass,60,60,50,40,50,75,False,False,False
586,sawsbuck,Haydaim,925,19,normal,grass,80,100,70,60,70,95,False,False,False
587,emolga,Emolga,50,4,electric,flying,55,75,60,75,60,103,False,False,False
588,karrablast,Carabing,59,5,bug,None,50,75,45,40,45,60,False,False,False
589,escavalier,Lançargot,330,10,bug,steel,70,135,105,60,105,20,False,False,False
590,foongus,Trompignon,10,2,grass,poison,69,55,45,55,55,15,False,False,False
591,amoonguss,Gaulet,105,6,grass,poison,114,85,70,85,80,30,False,False,False
592,frillish,Viskuse,330,12,water,ghost,55,40,50,65,85,40,False,False,False
593,jellicent,Moyade,1350,22,water,ghost,100,60,70,85,105,60,False,False,False
594,alomomola,Mamanbo,316,12,water,None,165,75,80,40,45,65,False,False,False
595,joltik,Statitik,6,1,bug,electric,50,47,50,57,50,65,False,False,False
596,galvantula,Mygavolt,143,8,bug,electric,70,77,60,97,60,108,False,False,False
597,ferroseed,Grindur,188,6,grass,steel,44,50,91,24,86,10,False,False,False
598,ferrothorn,Noacier,1100,10,grass,steel,74,94,131,54,116,20,False,False,False
599,klink,Tic,210,3,steel,None,40,55,70,45,60,30,False,False,False
600,klang,Clic,510,6,steel,None,60,80,95,70,85,50,False,False,False
601,klinklang,Cliticlic,810,6,steel,None,60,100,115,70,85,90,False,False,False
602,tynamo,Anchwatt,3,2,electric,None,35,55,40,45,40,60,False,False,False
603,eelektrik,Lampéroie,220,12,electric,None,65,85,70,75,70,40,False,False,False
604,eelektross,Ohmassacre,805,21,electric,None,85,115,80,105,80,50,False,False,False
605,elgyem,Lewsor,90,5,psychic,None,55,55,55,85,55,30,False,False,False
606,beheeyem,Neitram,345,10,psychic,None,75,75,75,125,95,40,False,False,False
607,litwick,Funécire,31,3,ghost,fire,50,30,55,65,55,20,False,False,False
608,lampent,Mélancolux,130,6,ghost,fire,60,40,60,95,60,55,False,False,False
609,chandelure,Lugulabre,343,10,ghost,fire,60,55,90,145,90,80,False,False,False
610,axew,Coupenotte,180,6,dragon,None,46,87,60,30,40,57,False,False,False
611,fraxure,Incisache,360,10,dragon,None,66,117,70,40,50,67,False,False,False
612,haxorus,Tranchodon,1055,18,dragon,None,76,147,90,60,70,97,False,False,False
613,cubchoo,Polarhume,85,5,ice,None,55,70,40,60,40,40,False,False,False
614,beartic,Polagriffe,2600,26,ice,None,95,130,80,70,80,50,False,False,False
615,cryogonal,Hexagel,1480,11,ice,None,80,50,50,95,135,105,False,False,False
616,shelmet,Escargaume,77,4,bug,None,50,40,85,40,65,25,False,False,False
617,accelgor,Limaspeed,253,8,bug,None,80,70,40,100,60,145,False,False,False
618,stunfisk,Limonde,110,7,ground,electric,109,66,84,81,99,32,False,False,False
619,mienfoo,Kungfouine,200,9,fighting,None,45,85,50,55,50,65,False,False,False
620,mienshao,Shaofouine,355,14,fighting,None,65,125,60,95,60,105,False,False,False
621,druddigon,Drakkarmin,1390,16,dragon,None,77,120,90,60,90,48,False,False,False
622,golett,Gringolem,920,10,ground,ghost,59,74,50,35,50,35,False,False,False
623,golurk,Golemastoc,3300,28,ground,ghost,89,124,80,55,80,55,False,False,False
624,pawniard,Scalpion,102,5,dark,steel,45,85,70,40,40,60,False,False,False
625,bisharp,Scalproie,700,16,dark,steel,65,125,100,60,70,70,False,False,False
626,bouffalant,Frison,946,16,normal,None,95,110,95,40,95,55,False,False,False
627,rufflet,Furaiglon,105,5,normal,flying,70,83,50,37,50,60,False,False,False
628,braviary,Gueriaigle,410,15,normal,flying,100,123,75,57,75,80,False,False,False
629,vullaby,Vostourno,90,5,dark,flying,70,55,75,45,65,60,False,False,False
630,mandibuzz,Vaututrice,395,12,dark,flying,110,65,105,55,95,80,False,False,False
631,heatmor,Aflamanoir,580,14,fire,None,85,97,66,105,66,65,False,False,False
632,durant,Fermite,330,3,bug,steel,58,109,112,48,48,109,False,False,False
633,deino,Solochi,173,8,dark,dragon,52,65,50,45,50,38,False,False,False
634,zweilous,Diamat,500,14,dark,dragon,72,85,70,65,70,58,False,False,False
635,hydreigon,Trioxhydre,1600,18,dark,dragon,92,105,90,125,90,98,False,False,False
636,larvesta,Pyronille,288,11,bug,fire,55,85,55,50,55,60,False,False,False
637,volcarona,Pyrax,460,16,bug,fire,85,60,65,135,105,100,False,False,False
638,cobalion,Cobaltium,2500,21,steel,fighting,91,90,129,90,72,108,False,True,False
639,terrakion,Terrakium,2600,19,rock,fighting,91,129,90,72,90,108,False,True,False
640,virizion,Viridium,2000,20,grass,fighting,91,90,72,90,129,108,False,True,False
641,tornadus-incarnate,Boréas,630,15,flying,None,79,115,70,125,80,111,False,True,False
642,thundurus-incarnate,Fulguris,610,15,electric,flying,79,115,70,125,80,111,False,True,False
643,reshiram,Reshiram,3300,32,dragon,fire,100,120,100,150,120,90,False,True,False
644,zekrom,Zekrom,3450,29,dragon,electric,100,150,120,120,100,90,False,True,False
645,landorus-incarnate,Démétéros,680,15,ground,flying,89,125,90,115,80,101,False,True,False
646,kyurem,Kyurem,3250,30,dragon,ice,125,130,90,130,90,95,False,True,False
647,keldeo-ordinary,Keldeo,485,14,water,fighting,91,72,90,129,90,108,False,False,True
648,meloetta-aria,Meloetta,65,6,normal,psychic,100,77,77,128,128,90,False,False,True
649,genesect,Genesect,825,15,bug,steel,71,120,95,120,95,99,False,False,True
650,chespin,Marisson,90,4,grass,None,56,61,65,48,45,38,False,False,False
651,quilladin,Boguérisse,290,7,grass,None,61,78,95,56,58,57,False,False,False
652,chesnaught,Blindépique,900,16,grass,fighting,88,107,122,74,75,64,False,False,False
653,fennekin,Feunnec,94,4,fire,None,40,45,40,62,60,60,False,False,False
654,braixen,Roussil,145,10,fire,None,59,59,58,90,70,73,False,False,False
655,delphox,Goupelin,390,15,fire,psychic,75,69,72,114,100,104,False,False,False
656,froakie,Grenousse,70,3,water,None,41,56,40,62,44,71,False,False,False
657,frogadier,Croâporal,109,6,water,None,54,63,52,83,56,97,False,False,False
658,greninja,Amphinobi,400,15,water,dark,72,95,67,103,71,122,False,False,False
659,bunnelby,Sapereau,50,4,normal,None,38,36,38,32,36,57,False,False,False
660,diggersby,Excavarenne,424,10,normal,ground,85,56,77,50,77,78,False,False,False
661,fletchling,Passerouge,17,3,normal,flying,45,50,43,40,38,62,False,False,False
662,fletchinder,Braisillon,160,7,fire,flying,62,73,55,56,52,84,False,False,False
663,talonflame,Flambusard,245,12,fire,flying,78,81,71,74,69,126,False,False,False
664,scatterbug,Lépidonille,25,3,bug,None,38,35,40,27,25,35,False,False,False
665,spewpa,Pérégrain,84,3,bug,None,45,22,60,27,30,29,False,False,False
666,vivillon,Prismillon,170,12,bug,flying,80,52,50,90,50,89,False,False,False
667,litleo,Hélionceau,135,6,fire,normal,62,50,58,73,54,72,False,False,False
668,pyroar,Némélios,815,15,fire,normal,86,68,72,109,66,106,False,False,False
669,flabebe,Flabébé,1,1,fairy,None,44,38,39,61,79,42,False,False,False
670,floette,Floette,9,2,fairy,None,54,45,47,75,98,52,False,False,False
671,florges,Florges,100,11,fairy,None,78,65,68,112,154,75,False,False,False
672,skiddo,Cabriolaine,310,9,grass,None,66,65,48,62,57,52,False,False,False
673,gogoat,Chevroum,910,17,grass,None,123,100,62,97,81,68,False,False,False
674,pancham,Pandespiègle,80,6,fighting,None,67,82,62,46,48,43,False,False,False
675,pangoro,Pandarbare,1360,21,fighting,dark,95,124,78,69,71,58,False,False,False
676,furfrou,Couafarel,280,12,normal,None,75,80,60,65,90,102,False,False,False
677,espurr,Psystigri,35,3,psychic,None,62,48,54,63,60,68,False,False,False
678,meowstic-male,Mistigrix,85,6,psychic,None,74,48,76,83,81,104,False,False,False
679,honedge,Monorpale,20,8,steel,ghost,45,80,100,35,37,28,False,False,False
680,doublade,Dimoclès,45,8,steel,ghost,59,110,150,45,49,35,False,False,False
681,aegislash-shield,Exagide,530,17,steel,ghost,60,50,140,50,140,60,False,False,False
682,spritzee,Fluvetin,5,2,fairy,None,78,52,60,63,65,23,False,False,False
683,aromatisse,Cocotine,155,8,fairy,None,101,72,72,99,89,29,False,False,False
684,swirlix,Sucroquin,35,4,fairy,None,62,48,66,59,57,49,False,False,False
685,slurpuff,Cupcanaille,50,8,fairy,None,82,80,86,85,75,72,False,False,False
686,inkay,Sepiatop,35,4,dark,psychic,53,54,53,37,46,45,False,False,False
687,malamar,Sepiatroce,470,15,dark,psychic,86,92,88,68,75,73,False,False,False
688,binacle,Opermine,310,5,rock,water,42,52,67,39,56,50,False,False,False
689,barbaracle,Golgopathe,960,13,rock,water,72,105,115,54,86,68,False,False,False
690,skrelp,Venalgue,73,5,poison,water,50,60,60,60,60,30,False,False,False
691,dragalge,Kravarech,815,18,poison,dragon,65,75,90,97,123,44,False,False,False
692,clauncher,Flingouste,83,5,water,None,50,53,62,58,63,44,False,False,False
693,clawitzer,Gamblast,353,13,water,None,71,73,88,120,89,59,False,False,False
694,helioptile,Galvaran,60,5,electric,normal,44,38,33,61,43,70,False,False,False
695,heliolisk,Iguolta,210,10,electric,normal,62,55,52,109,94,109,False,False,False
696,tyrunt,Ptyranidur,260,8,rock,dragon,58,89,77,45,45,48,False,False,False
697,tyrantrum,Rexillius,2700,25,rock,dragon,82,121,119,69,59,71,False,False,False
698,amaura,Amagara,252,13,rock,ice,77,59,50,67,63,46,False,False,False
699,aurorus,Dragmara,2250,27,rock,ice,123,77,72,99,92,58,False,False,False
700,sylveon,Nymphali,235,10,fairy,None,95,65,65,110,130,60,False,False,False
701,hawlucha,Brutalibré,215,8,fighting,flying,78,92,75,74,63,118,False,False,False
702,dedenne,Dedenne,22,2,electric,fairy,67,58,57,81,67,101,False,False,False
703,carbink,Strassie,57,3,rock,fairy,50,50,150,50,150,50,False,False,False
704,goomy,Mucuscule,28,3,dragon,None,45,50,35,55,75,40,False,False,False
705,sliggoo,Colimucus,175,8,dragon,None,68,75,53,83,113,60,False,False,False
706,goodra,Muplodocus,1505,20,dragon,None,90,100,70,110,150,80,False,False,False
707,klefki,Trousselin,30,2,steel,fairy,57,80,91,80,87,75,False,False,False
708,phantump,Brocélôme,70,4,ghost,grass,43,70,48,50,60,38,False,False,False
709,trevenant,Desséliande,710,15,ghost,grass,85,110,76,65,82,56,False,False,False
710,pumpkaboo-average,Pitrouille,50,4,ghost,grass,49,66,70,44,55,51,False,False,False
711,gourgeist-average,Banshitrouye,125,9,ghost,grass,65,90,122,58,75,84,False,False,False
712,bergmite,Grelaçon,995,10,ice,None,55,69,85,32,35,28,False,False,False
713,avalugg,Séracrawl,5050,20,ice,None,95,117,184,44,46,28,False,False,False
714,noibat,Sonistrelle,80,5,flying,dragon,40,30,35,45,40,55,False,False,False
715,noivern,Bruyverne,850,15,flying,dragon,85,70,80,97,80,123,False,False,False
716,xerneas,Xerneas,2150,30,fairy,None,126,131,95,131,98,99,False,True,False
717,yveltal,Yveltal,2030,58,dark,flying,126,131,95,131,98,99,False,True,False
718,zygarde-50,Zygarde,3050,50,dragon,ground,108,100,121,81,95,95,False,True,False
719,diancie,Diancie,88,7,rock,fairy,50,100,150,100,150,50,False,False,True
720,hoopa,Hoopa,90,5,psychic,ghost,80,110,60,150,130,70,False,False,True
721,volcanion,Volcanion,1950,17,fire,water,80,110,120,130,90,70,False,False,True
722,rowlet,Brindibou,15,3,grass,flying,68,55,55,50,50,42,False,False,False
723,dartrix,Efflèche,160,7,grass,flying,78,75,75,70,70,52,False,False,False
724,decidueye,Archéduc,366,16,grass,ghost,78,107,75,100,100,70,False,False,False
725,litten,Flamiaou,43,4,fire,None,45,65,40,60,40,70,False,False,False
726,torracat,Matoufeu,250,7,fire,None,65,85,50,80,50,90,False,False,False
727,incineroar,Félinferno,830,18,fire,dark,95,115,90,80,90,60,False,False,False
728,popplio,Otaquin,75,4,water,None,50,54,54,66,56,40,False,False,False
729,brionne,Otarlette,175,6,water,None,60,69,69,91,81,50,False,False,False
730,primarina,Oratoria,440,18,water,fairy,80,74,74,126,116,60,False,False,False
731,pikipek,Picassaut,12,3,normal,flying,35,75,30,30,30,65,False,False,False
732,trumbeak,Piclairon,148,6,normal,flying,55,85,50,40,50,75,False,False,False
733,toucannon,Bazoucan,260,11,normal,flying,80,120,75,75,75,60,False,False,False
734,yungoos,Manglouton,60,4,normal,None,48,70,30,30,30,45,False,False,False
735,gumshoos,Argouste,142,7,normal,None,88,110,60,55,60,45,False,False,False
736,grubbin,Larvibule,44,4,bug,None,47,62,45,55,45,46,False,False,False
737,charjabug,Chrysapile,105,5,bug,electric,57,82,95,55,75,36,False,False,False
738,vikavolt,Lucanon,450,15,bug,electric,77,70,90,145,75,43,False,False,False
739,crabrawler,Crabagarre,70,6,fighting,None,47,82,57,42,47,63,False,False,False
740,crabominable,Crabominable,1800,17,fighting,ice,97,132,77,62,67,43,False,False,False
741,oricorio-baile,Plumeline,34,6,fire,flying,75,70,70,98,70,93,False,False,False
742,cutiefly,Bombydou,2,1,bug,fairy,40,45,40,55,40,84,False,False,False
743,ribombee,Rubombelle,5,2,bug,fairy,60,55,60,95,70,124,False,False,False
744,rockruff,Rocabot,92,5,rock,None,45,65,40,30,40,60,False,False,False
745,lycanroc-midday,Lougaroc,250,8,rock,None,75,115,65,55,65,112,False,False,False
746,wishiwashi-solo,Froussardine,3,2,water,None,45,20,20,25,25,40,False,False,False
747,mareanie,Vorastérie,80,4,poison,water,50,53,62,43,52,45,False,False,False
748,toxapex,Prédastérie,145,7,poison,water,50,63,152,53,142,35,False,False,False
749,mudbray,Tiboudet,1100,10,ground,None,70,100,70,45,55,45,False,False,False
750,mudsdale,Bourrinos,9200,25,ground,None,100,125,100,55,85,35,False,False,False
751,dewpider,Araqua,40,3,water,bug,38,40,52,40,72,27,False,False,False
752,araquanid,Tarenbulle,820,18,water,bug,68,70,92,50,132,42,False,False,False
753,fomantis,Mimantis,15,3,grass,None,40,55,35,50,35,35,False,False,False
754,lurantis,Floramantis,185,9,grass,None,70,105,90,80,90,45,False,False,False
755,morelull,Spododo,15,2,grass,fairy,40,35,55,65,75,15,False,False,False
756,shiinotic,Lampignon,115,10,grass,fairy,60,45,80,90,100,30,False,False,False
757,salandit,Tritox,48,6,poison,fire,48,44,40,71,40,77,False,False,False
758,salazzle,Malamandre,222,12,poison,fire,68,64,60,111,60,117,False,False,False
759,stufful,Nounourson,68,5,normal,fighting,70,75,50,45,50,50,False,False,False
760,bewear,Chelours,1350,21,normal,fighting,120,125,80,55,60,60,False,False,False
761,bounsweet,Croquine,32,3,grass,None,42,30,38,30,38,32,False,False,False
762,steenee,Candine,82,7,grass,None,52,40,48,40,48,62,False,False,False
763,tsareena,Sucreine,214,12,grass,None,72,120,98,50,98,72,False,False,False
764,comfey,Guérilande,3,1,fairy,None,51,52,90,82,110,100,False,False,False
765,oranguru,Gouroutan,760,15,normal,psychic,90,60,80,90,110,60,False,False,False
766,passimian,Quartermac,828,20,fighting,None,100,120,90,40,60,80,False,False,False
767,wimpod,Sovkipou,120,5,bug,water,25,35,40,20,30,80,False,False,False
768,golisopod,Sarmuraï,1080,20,bug,water,75,125,140,60,90,40,False,False,False
769,sandygast,Bacabouh,700,5,ghost,ground,55,55,80,70,45,15,False,False,False
770,palossand,Trépassable,2500,13,ghost,ground,85,75,110,100,75,35,False,False,False
771,pyukumuku,Concombaffe,12,3,water,None,55,60,130,30,130,5,False,False,False
772,type-null,Type:0,1205,19,normal,None,95,95,95,95,95,59,False,False,False
773,silvally,Silvallié,1005,23,normal,None,95,95,95,95,95,95,False,True,False
774,minior-red-meteor,Météno,400,3,rock,flying,60,60,100,60,100,60,False,False,False
775,komala,Dodoala,199,4,normal,None,65,115,65,75,95,65,False,False,False
776,turtonator,Boumata,2120,20,fire,dragon,60,78,135,91,85,36,False,False,False
777,togedemaru,Togedemaru,33,3,electric,steel,65,98,63,40,73,96,False,False,False
778,mimikyu-disguised,Mimiqui,7,2,ghost,fairy,55,90,80,50,105,96,False,False,False
779,bruxish,Denticrisse,190,9,water,psychic,68,105,70,70,70,92,False,False,False
780,drampa,Draïeul,1850,30,normal,dragon,78,60,85,135,91,36,False,False,False
781,dhelmise,Sinistrail,2100,39,ghost,grass,70,131,100,86,90,40,False,False,False
782,jangmo-o,Bébécaille,297,6,dragon,None,45,55,65,45,45,45,False,False,False
783,hakamo-o,Écaïd,470,12,dragon,fighting,55,75,90,65,70,65,False,False,False
784,kommo-o,Ékaïser,782,16,dragon,fighting,75,110,125,100,105,85,False,False,False
785,tapu-koko,Tokorico,205,18,electric,fairy,70,115,85,95,75,130,False,True,False
786,tapu-lele,Tokopiyon,186,12,psychic,fairy,70,85,75,130,115,95,False,True,False
787,tapu-bulu,Tokotoro,455,19,grass,fairy,70,130,115,85,95,75,False,True,False
788,tapu-fini,Tokopisco,212,13,water,fairy,70,75,115,95,130,85,False,True,False
789,cosmog,Cosmog,1,2,psychic,None,43,29,31,29,31,37,False,True,False
790,cosmoem,Cosmovum,9999,1,psychic,None,43,29,131,29,131,37,False,True,False
791,solgaleo,Solgaleo,2300,34,psychic,steel,137,137,107,113,89,97,False,True,False
792,lunala,Lunala,1200,40,psychic,ghost,137,113,89,137,107,97,False,True,False
793,nihilego,Zéroïd,555,12,rock,poison,109,53,47,127,131,103,False,False,False
794,buzzwole,Mouscoto,3336,24,bug,fighting,107,139,139,53,53,79,False,False,False
795,pheromosa,Cancrelove,250,18,bug,fighting,71,137,37,137,37,151,False,False,False
796,xurkitree,Câblifère,1000,38,electric,None,83,89,71,173,71,83,False,False,False
797,celesteela,Bamboiselle,9999,92,steel,flying,97,101,103,107,101,61,False,False,False
798,kartana,Katagami,1,3,grass,steel,59,181,131,59,31,109,False,False,False
799,guzzlord,Engloutyran,8880,55,dark,dragon,223,101,53,97,53,43,False,False,False
800,necrozma,Necrozma,2300,24,psychic,None,97,107,101,127,89,79,False,True,False
801,magearna,Magearna,805,10,steel,fairy,80,95,115,130,115,65,False,False,True
802,marshadow,Marshadow,222,7,fighting,ghost,90,125,80,90,90,125,False,False,True
803,poipole,Vémini,18,6,poison,None,67,73,67,73,67,73,False,False,False
804,naganadel,Mandrillon,1500,36,poison,dragon,73,73,73,127,73,121,False,False,False
805,stakataka,Ama-Ama,8200,55,rock,steel,61,131,211,53,101,13,False,False,False
806,blacephalon,Pierroteknik,130,18,fire,ghost,53,127,53,151,79,107,False,False,False
807,zeraora,Zeraora,445,15,electric,None,88,112,75,102,80,143,False,False,True
808,meltan,Meltan,80,2,steel,None,46,65,65,55,35,34,False,False,True
809,melmetal,Melmetal,8000,25,steel,None,135,143,143,80,65,34,False,False,True
810,grookey,Ouistempo,50,3,grass,None,50,65,50,40,40,65,False,False,False
811,thwackey,Badabouin,140,7,grass,None,70,85,70,55,60,80,False,False,False
812,rillaboom,Gorythmic,900,21,grass,None,100,125,90,60,70,85,False,False,False
813,scorbunny,Flambino,45,3,fire,None,50,71,40,40,40,69,False,False,False
814,raboot,Lapyro,90,6,fire,None,65,86,60,55,60,94,False,False,False
815,cinderace,Pyrobut,330,14,fire,None,80,116,75,65,75,119,False,False,False
816,sobble,Larméléon,40,3,water,None,50,40,40,70,40,70,False,False,False
817,drizzile,Arrozard,115,7,water,None,65,60,55,95,55,90,False,False,False
818,inteleon,Lézargus,452,19,water,None,70,85,65,125,65,120,False,False,False
819,skwovet,Rongourmand,25,3,normal,None,70,55,55,35,35,25,False,False,False
820,greedent,Rongrigou,60,6,normal,None,120,95,95,55,75,20,False,False,False
821,rookidee,Minisange,18,2,flying,None,38,47,35,33,35,57,False,False,False
822,corvisquire,Bleuseille,160,8,flying,None,68,67,55,43,55,77,False,False,False
823,corviknight,Corvaillus,750,22,flying,steel,98,87,105,53,85,67,False,False,False
824,blipbug,Larvadar,80,4,bug,None,25,20,20,25,45,45,False,False,False
825,dottler,Coléodôme,195,4,bug,psychic,50,35,80,50,90,30,False,False,False
826,orbeetle,Astronelle,408,4,bug,psychic,60,45,110,80,120,90,False,False,False
827,nickit,Goupilou,89,6,dark,None,40,28,28,47,52,50,False,False,False
828,thievul,Roublenard,199,12,dark,None,70,58,58,87,92,90,False,False,False
829,gossifleur,Tournicoton,22,4,grass,None,40,40,60,40,60,10,False,False,False
830,eldegoss,Blancoton,25,5,grass,None,60,50,90,80,120,60,False,False,False
831,wooloo,Moumouton,60,6,normal,None,42,40,55,40,45,48,False,False,False
832,dubwool,Moumouflon,430,13,normal,None,72,80,100,60,90,88,False,False,False
833,chewtle,Khélocrok,85,3,water,None,50,64,50,38,38,44,False,False,False
834,drednaw,Torgamord,1155,10,water,rock,90,115,90,48,68,74,False,False,False
835,yamper,Voltoutou,135,3,electric,None,59,45,50,40,50,26,False,False,False
836,boltund,Fulgudog,340,10,electric,None,69,90,60,90,60,121,False,False,False
837,rolycoly,Charbi,120,3,rock,None,30,40,50,40,50,30,False,False,False
838,carkol,Wagomine,780,11,rock,fire,80,60,90,60,70,50,False,False,False
839,coalossal,Monthracite,3105,28,rock,fire,110,80,120,80,90,30,False,False,False
840,applin,Verpom,5,2,grass,dragon,40,40,80,40,40,20,False,False,False
841,flapple,Pomdrapi,10,3,grass,dragon,70,110,80,95,60,70,False,False,False
842,appletun,Dratatin,130,4,grass,dragon,110,85,80,100,80,30,False,False,False
843,silicobra,Dunaja,76,22,ground,None,52,57,75,35,50,46,False,False,False
844,sandaconda,Dunaconda,655,38,ground,None,72,107,125,65,70,71,False,False,False
845,cramorant,Nigosier,180,8,flying,water,70,85,55,85,95,85,False,False,False
846,arrokuda,Embrochet,10,5,water,None,41,63,40,40,30,66,False,False,False
847,barraskewda,Hastacuda,300,13,water,None,61,123,60,60,50,136,False,False,False
848,toxel,Toxizap,110,4,electric,poison,40,38,35,54,35,40,True,False,False
849,toxtricity-amped,Salarsen,400,16,electric,poison,75,98,70,114,70,75,False,False,False
850,sizzlipede,Grillepattes,10,7,fire,bug,50,65,45,50,50,45,False,False,False
851,centiskorch,Scolocendre,1200,30,fire,bug,100,115,65,90,90,65,False,False,False
852,clobbopus,Poulpaf,40,6,fighting,None,50,68,60,50,50,32,False,False,False
853,grapploct,Krakos,390,16,fighting,None,80,118,90,70,80,42,False,False,False
854,sinistea,Théffroi,2,1,ghost,None,40,45,45,74,54,50,False,False,False
855,polteageist,Polthégeist,4,2,ghost,None,60,65,65,134,114,70,False,False,False
856,hatenna,Bibichut,34,4,psychic,None,42,30,45,56,53,39,False,False,False
857,hattrem,Chapotus,48,6,psychic,None,57,40,65,86,73,49,False,False,False
858,hatterene,Sorcilence,51,21,psychic,fairy,57,90,95,136,103,29,False,False,False
859,impidimp,Grimalin,55,4,dark,fairy,45,45,30,55,40,50,False,False,False
860,morgrem,Fourbelin,125,8,dark,fairy,65,60,45,75,55,70,False,False,False
861,grimmsnarl,Angoliath,610,15,dark,fairy,95,120,65,95,75,60,False,False,False
862,obstagoon,Ixon,460,16,dark,normal,93,90,101,60,81,95,False,False,False
863,perrserker,Berserkatt,280,8,steel,None,70,110,100,50,60,50,False,False,False
864,cursola,Corayôme,4,10,ghost,None,60,95,50,145,130,30,False,False,False
865,sirfetchd,Palarticho,1170,8,fighting,None,62,135,95,68,82,65,False,False,False
866,mr-rime,M. Glaquette,582,15,ice,psychic,80,85,75,110,100,70,False,False,False
867,runerigus,Tutétékri,666,16,ground,ghost,58,95,145,50,105,30,False,False,False
868,milcery,Crèmy,3,2,fairy,None,45,40,40,50,61,34,False,False,False
869,alcremie,Charmilly,5,3,fairy,None,65,60,75,110,121,64,False,False,False
870,falinks,Hexadron,620,30,fighting,None,65,100,100,70,60,75,False,False,False
871,pincurchin,Wattapik,10,3,electric,None,48,101,95,91,85,15,False,False,False
872,snom,Frissonille,38,3,ice,bug,30,25,35,45,30,20,False,False,False
873,frosmoth,Beldeneige,420,13,ice,bug,70,65,60,125,90,65,False,False,False
874,stonjourner,Dolman,5200,25,rock,None,100,125,135,20,20,70,False,False,False
875,eiscue-ice,Bekaglaçon,890,14,ice,None,75,80,110,65,90,50,False,False,False
876,indeedee-male,Wimessir,280,9,psychic,normal,60,65,55,105,95,95,False,False,False
877,morpeko-full-belly,Morpeko,30,3,electric,dark,58,95,58,70,58,97,False,False,False
878,cufant,Charibari,1000,12,steel,None,72,80,49,40,49,40,False,False,False
879,copperajah,Pachyradjah,6500,30,steel,None,122,130,69,80,69,30,False,False,False
880,dracozolt,Galvagon,1900,18,electric,dragon,90,100,90,80,70,75,False,False,False
881,arctozolt,Galvagla,1500,23,electric,ice,90,100,90,90,80,55,False,False,False
882,dracovish,Hydragon,2150,23,water,dragon,90,90,100,70,80,75,False,False,False
883,arctovish,Hydragla,1750,20,water,ice,90,90,100,80,90,55,False,False,False
884,duraludon,Duralugon,400,18,steel,dragon,70,95,115,120,50,85,False,False,False
885,dreepy,Fantyrm,20,5,dragon,ghost,28,60,30,40,30,82,False,False,False
886,drakloak,Dispareptil,110,14,dragon,ghost,68,80,50,60,50,102,False,False,False
887,dragapult,Lanssorien,500,30,dragon,ghost,88,120,75,100,75,142,False,False,False
888,zacian,Zacian,1100,28,fairy,None,92,120,115,80,115,138,False,True,False
889,zamazenta,Zamazenta,2100,29,fighting,None,92,120,115,80,115,138,False,True,False
890,eternatus,Éthernatos,9500,200,poison,dragon,140,85,95,145,95,130,False,True,False
891,kubfu,Wushours,120,6,fighting,None,60,90,60,53,50,72,False,True,False
892,urshifu-single-strike,Shifours,1050,19,fighting,dark,100,130,100,63,60,97,False,True,False
893,zarude,Zarude,700,18,dark,grass,105,120,105,70,95,105,False,False,True
894,regieleki,Regieleki,1450,12,electric,None,80,100,50,100,50,200,False,True,False
895,regidrago,Regidrago,2000,21,dragon,None,200,100,50,100,50,80,False,True,False
896,glastrier,Blizzeval,8000,22,ice,None,100,145,130,65,110,30,False,True,False
897,spectrier,Spectreval,445,20,ghost,None,100,65,60,145,80,130,False,True,False
898,calyrex,Sylveroy,77,11,psychic,grass,100,80,80,80,80,80,False,True,False
899,wyrdeer,Cerbyllin,951,18,normal,psychic,103,105,72,105,75,65,False,False,False
900,kleavor,Hachécateur,890,18,bug,rock,70,135,95,45,70,85,False,False,False
901,ursaluna,Ursaking,2900,24,ground,normal,130,140,105,45,80,50,False,False,False
902,basculegion-male,Paragruel,1100,30,water,ghost,120,112,65,80,75,78,False,False,False
903,sneasler,Farfurex,430,13,fighting,poison,80,130,60,40,80,120,False,False,False
904,overqwil,Qwilpik,605,25,dark,poison,85,115,95,65,65,85,False,False,False
905,enamorus-incarnate,Amovénus,480,16,fairy,flying,74,115,70,135,80,106,False,True,False
906,sprigatito,Poussacha,41,4,grass,None,40,61,54,45,45,65,False,False,False
907,floragato,Matourgeon,122,9,grass,None,61,80,63,60,63,83,False,False,False
908,meowscarada,Miascarade,312,15,grass,dark,76,110,70,81,70,123,False,False,False
909,fuecoco,Chochodile,98,4,fire,None,67,45,59,63,40,36,False,False,False
910,crocalor,Crocogril,307,10,fire,None,81,55,78,90,58,49,False,False,False
911,skeledirge,Flâmigator,3265,16,fire,ghost,104,75,100,110,75,66,False,False,False
912,quaxly,Coiffeton,61,5,water,None,55,65,45,50,45,50,False,False,False
913,quaxwell,Canarbello,215,12,water,None,70,85,65,65,60,65,False,False,False
914,quaquaval,Palmaval,619,18,water,fighting,85,120,80,85,75,85,False,False,False
915,lechonk,Gourmelet,102,5,normal,None,54,45,40,35,45,35,False,False,False
916,oinkologne,Fragroin,1200,10,normal,None,110,100,75,59,80,65,False,False,False
917,tarountula,Tissenboule,40,3,bug,None,35,41,45,29,40,20,False,False,False
918,spidops,Filentrappe,165,10,bug,None,60,79,92,52,86,35,False,False,False
919,nymble,Lilliterelle,10,2,bug,None,33,46,40,21,25,45,False,False,False
920,lokix,Gambex,175,10,bug,dark,71,102,78,52,55,92,False,False,False
921,pawmi,Pohm,25,3,electric,None,45,50,20,40,25,60,False,False,False
922,pawmo,Pohmotte,65,4,electric,fighting,60,75,40,50,40,85,False,False,False
923,pawmot,Pohmarmotte,410,9,electric,fighting,70,115,70,70,60,105,False,False,False
924,tandemaus,Compagnol,18,3,normal,None,50,50,45,40,45,75,False,False,False
925,maushold,Famignol,23,3,normal,None,74,75,70,65,75,111,False,False,False
926,fidough,Pâtachiot,109,3,fairy,None,37,55,70,30,55,65,False,False,False
927,dachsbun,Briochien,149,5,fairy,None,57,80,115,50,80,95,False,False,False
928,smoliv,Olivini,65,3,grass,normal,41,35,45,58,51,30,False,False,False
929,dolliv,Olivado,119,6,grass,normal,52,53,60,78,78,33,False,False,False
930,arboliva,Arboliva,482,14,grass,normal,78,69,90,125,109,39,False,False,False
931,squawkabilly,Tapatoès,24,6,normal,flying,82,96,51,45,51,92,False,False,False
932,nacli,Selutin,160,4,rock,None,55,55,75,35,35,25,False,False,False
933,naclstack,Amassel,1050,6,rock,None,60,60,100,35,65,35,False,False,False
934,garganacl,Gigansel,2400,23,rock,None,100,100,130,45,90,35,False,False,False
935,charcadet,Charbambin,105,6,fire,None,40,50,40,50,40,35,False,False,False
936,armarouge,Carmadura,850,15,fire,psychic,85,60,100,125,80,75,False,False,False
937,ceruledge,Malvalame,620,16,fire,ghost,75,125,80,60,100,85,False,False,False
938,tadbulb,Têtampoule,4,3,electric,None,61,31,41,59,35,45,False,False,False
939,bellibolt,Ampibidou,1130,12,electric,None,109,64,91,103,83,45,False,False,False
940,wattrel,Zapétrel,36,4,electric,flying,40,40,35,55,40,70,False,False,False
941,kilowattrel,Fulgulairo,386,14,electric,flying,70,70,60,105,60,125,False,False,False
942,maschiff,Grondogue,160,5,dark,None,60,78,60,40,51,51,False,False,False
943,mabosstiff,Dogrino,610,11,dark,None,80,120,90,60,70,85,False,False,False
944,shroodle,Gribouraigne,7,2,poison,normal,40,65,35,40,35,75,False,False,False
945,grafaiai,Tag-Tag,272,7,poison,normal,63,95,65,80,72,110,False,False,False
946,bramblin,Virovent,6,6,grass,ghost,40,65,30,45,35,60,False,False,False
947,brambleghast,Virevorreur,60,12,grass,ghost,55,115,70,80,70,90,False,False,False
948,toedscool,Terracool,330,9,ground,grass,40,40,35,50,100,70,False,False,False
949,toedscruel,Terracruel,580,19,ground,grass,80,70,65,80,120,100,False,False,False
950,klawf,Craparoi,790,13,rock,None,70,100,115,35,55,75,False,False,False
951,capsakid,Pimito,30,3,grass,None,50,62,40,62,40,50,False,False,False
952,scovillain,Scovilain,150,9,grass,fire,65,108,65,108,65,75,False,False,False
953,rellor,Léboulérou,10,2,bug,None,41,50,60,31,58,30,False,False,False
954,rabsca,Bérasca,35,3,bug,psychic,75,50,85,115,100,45,False,False,False
955,flittle,Flotillon,15,2,psychic,None,30,35,30,55,30,75,False,False,False
956,espathra,Cléopsytra,900,19,psychic,None,95,60,60,101,60,105,False,False,False
957,tinkatink,Forgerette,89,4,fairy,steel,50,45,45,35,64,58,False,False,False
958,tinkatuff,Forgella,591,7,fairy,steel,65,55,55,45,82,78,False,False,False
959,tinkaton,Forgelina,1128,7,fairy,steel,85,75,77,70,105,94,False,False,False
960,wiglett,Taupikeau,18,12,water,None,10,55,25,35,25,95,False,False,False
961,wugtrio,Triopikeau,54,12,water,None,35,100,50,50,70,120,False,False,False
962,bombirdier,Lestombaile,429,15,flying,dark,70,103,85,60,85,82,False,False,False
963,finizen,Dofin,602,13,water,None,70,45,40,45,40,75,False,False,False
964,palafin,Superdofin,602,13,water,None,100,70,72,53,62,100,False,False,False
965,varoom,Vrombi,350,10,steel,poison,45,70,63,30,45,47,False,False,False
966,revavroom,Vrombotor,1200,18,steel,poison,80,119,90,54,67,90,False,False,False
967,cyclizar,Motorizard,630,16,dragon,normal,70,95,65,85,65,121,False,False,False
968,orthworm,Ferdeter,3100,25,steel,None,70,85,145,60,55,65,False,False,False
969,glimmet,Germéclat,80,7,rock,poison,48,35,42,105,60,60,False,False,False
970,glimmora,Floréclat,450,15,rock,poison,83,55,90,130,81,86,False,False,False
971,greavard,Toutombe,350,6,ghost,None,50,61,60,30,55,34,False,False,False
972,houndstone,Tomberro,150,20,ghost,None,72,101,100,50,97,68,False,False,False
973,flamigo,Flamenroule,370,16,flying,fighting,82,115,74,75,64,90,False,False,False
974,cetoddle,Piétacé,450,12,ice,None,108,68,45,30,40,43,False,False,False
975,cetitan,Balbalèze,7000,45,ice,None,170,113,65,45,55,73,False,False,False
976,veluza,Délestin,900,25,water,psychic,90,102,73,78,65,70,False,False,False
977,dondozo,Oyacata,2200,120,water,None,150,100,115,65,65,35,False,False,False
978,tatsugiri,Nigirigon,80,3,dragon,water,68,50,60,120,95,82,False,False,False
979,annihilape,Courrousinge,560,12,fighting,ghost,110,115,80,50,90,90,False,False,False
980,clodsire,Terraiste,2230,18,poison,ground,130,75,60,45,100,20,False,False,False
981,farigiraf,Farigiraf,1600,32,normal,psychic,120,90,70,110,70,60,False,False,False
982,dudunsparce,Deusolourdo,392,36,normal,None,125,100,80,85,75,55,False,False,False
983,kingambit,Scalpereur,1200,20,dark,steel,100,135,120,60,85,50,False,False,False
984,great-tusk,Fort-Ivoire,3200,22,ground,fighting,115,131,131,53,53,87,False,False,False
985,scream-tail,Hurle-Queue,80,12,fairy,psychic,115,65,99,65,115,111,False,False,False
986,brute-bonnet,Fongus-Furie,210,12,grass,dark,111,127,99,79,99,55,False,False,False
987,flutter-mane,Flotte-Mèche,40,14,ghost,fairy,55,55,55,135,135,135,False,False,False
988,slither-wing,Rampe-Ailes,920,32,bug,fighting,85,135,79,85,105,81,False,False,False
989,sandy-shocks,Pelage-Sablé,600,23,electric,ground,85,81,97,121,85,101,False,False,False
990,iron-treads,Roue-de-Fer,2400,9,ground,steel,90,112,120,72,70,106,False,False,False
991,iron-bundle,Hotte-de-Fer,110,6,ice,water,56,80,114,124,60,136,False,False,False
992,iron-hands,Paume-de-Fer,3807,18,fighting,electric,154,140,108,50,68,50,False,False,False
993,iron-jugulis,Têtes-de-Fer,1110,13,dark,flying,94,80,86,122,80,108,False,False,False
994,iron-moth,Mite-de-Fer,360,12,fire,poison,80,70,60,140,110,110,False,False,False
995,iron-thorns,Épine-de-Fer,3030,16,rock,electric,100,134,110,70,84,72,False,False,False
996,frigibax,Frigodo,170,5,dragon,ice,65,75,45,35,45,55,False,False,False
997,arctibax,Cryodo,300,8,dragon,ice,90,95,66,45,65,62,False,False,False
998,baxcalibur,Glaivodo,2100,21,dragon,ice,115,145,92,75,86,87,False,False,False
999,gimmighoul,Mordudor,50,3,ghost,None,45,30,70,75,70,10,False,False,False
1000,gholdengo,Gromago,300,12,steel,ghost,87,60,95,133,91,84,False,False,False
1001,wo-chien,Chongjian,742,15,dark,grass,85,85,100,95,135,70,False,True,False
1002,chien-pao,Baojian,1522,19,dark,ice,80,120,80,90,65,135,False,True,False
1003,ting-lu,Dinglu,6997,27,dark,ground,155,110,125,55,80,45,False,True,False
1004,chi-yu,Yuyu,49,4,dark,fire,55,80,80,135,120,100,False,True,False
1005,roaring-moon,Rugit-Lune,3800,20,dragon,dark,105,139,71,55,101,119,False,False,False
1006,iron-valiant,Garde-de-Fer,350,14,fairy,fighting,74,130,90,120,60,116,False,False,False
1007,koraidon,Koraidon,3030,25,fighting,dragon,100,135,115,85,100,135,False,True,False
1008,miraidon,Miraidon,2400,35,electric,dragon,100,85,100,135,115,135,False,True,False
1009,walking-wake,Serpente-Eau,2800,35,water,dragon,99,83,91,125,83,109,False,False,False
1010,iron-leaves,Vert-de-Fer,1250,15,grass,psychic,90,130,88,70,108,104,False,False,False
1011,dipplin,Pomdramour,97,4,grass,dragon,80,80,110,95,80,40,False,False,False
1012,poltchageist,Poltchageist,11,1,grass,ghost,40,45,45,74,54,50,False,False,False
1013,sinistcha,Théffroyable,22,2,grass,ghost,71,60,106,121,80,70,False,False,False
1014,okidogi,Félicanis,922,18,poison,fighting,88,128,115,58,86,80,False,True,False
1015,munkidori,Fortusimia,122,10,poison,psychic,88,75,66,130,90,106,False,True,False
1016,fezandipiti,Favianos,301,14,poison,fairy,88,91,82,70,125,99,False,True,False
1017,ogerpon,Ogerpon,398,12,grass,None,80,120,84,60,96,110,False,True,False
1018,archaludon,Pondralugon,600,20,steel,dragon,90,105,130,125,65,85,False,False,False
1019,hydrapple,Pomdorochi,930,18,grass,dragon,106,80,110,120,80,44,False,False,False
1020,gouging-fire,Feu-Perçant,5900,35,fire,dragon,105,115,121,65,93,91,False,False,False
1021,raging-bolt,Ire-Foudre,4800,52,electric,dragon,125,73,91,137,89,75,False,False,False
1022,iron-boulder,Roc-de-Fer,1625,15,rock,psychic,90,120,80,68,108,124,False,False,False
1023,iron-crown,Chef-de-Fer,1560,16,steel,psychic,90,72,100,122,108,98,False,False,False
1024,terapagos,Terapagos,65,2,normal,None,90,65,85,65,85,60,False,True,False
1025,pecharunt,Pêchaminus,3,3,poison,ghost,88,88,160,88,88,88,False,False,True
